username,tweet,sentimen
@iwanpiliang7,"Percaya sosok top of mind presiden 2024 Indonesia maju = mimpi siang bolong.

Riil perubahan Ind ke arah berkemajuan  berperadaban agung membutuhkan figur spt M Hatta: Jadi presiden seperak pun harta tak bertambah. Apa bs insan demikin duduk? 

Pemilu/pilpres patronnya sdh dibuat",negatif
@KompasTV,"Pilpres 2024 masih sekitar dua tahun lagi. Tahapan Pemilu juga belum dimulai. Namun, sejumlah partai politik sudah sibuk menyiapkan diri dan membentuk koalisi. 
@_SATUMEJA
 #SatuMejaTheForum",positif
@muslimf,"Fenomena tiap masa berulang terus sejak era reformasi menjelang #PemiluSerentak2024 #pemilu2024siap #pemilu #pilpres2024 #pilpres usaha pendekatan suara mayoritas perlu edukasi hak bebas rahasia pemilih, pencegahan tekanan dan sanksi berat politik uang/barang 
@KPU_ID
 
@bawaslu_RI",positif
@KicauSunyi,"Banyak yang ga sadar kalo Presidensial Threshold 2024 diambil dari ""jumlah"" komposisi kursi parpol di DPR hasil pemilu 2019...
Perubahan koalisi bisa rawan jadinya yang berujung di Pilpres 2024 rakyat disodorin pilihan sesuai selera parpol... ",negatif
@jaha_ma99,"Apakah Nasdem akan membajak Anies untuk mendulang suara pemilu 2024?
Anies butuh motor penggerak untuk maju calon pilpres.
Adakah parpol lain ikut mencongkel dengan melihat ketidaksukaan publik melihat kiprah Nasdem yang kadang seperti malu malu kucing melihat situasi saat ini?",negatif
@donpablo279,"Reminder!
Selama Pasal 222 Undang-undang Nomor 7 Tahun 2017 tentang Pemilihan Umum (UU Pemilu) masih berlaku, tolong jadi pendukung bacapres yang realistis ajah biar enggak bengkel kalo calonya enggak ikut kontestasi pilpres 2024.",positif
@cinggaro,"pemilu serentak dan pilpres 2024 masih 2 tahun lagi tapi penunggang agama sudah gercep!

mereka langsung merapat ke kubu penjual ayat, mayat dan sholat!



#Kelakuan",negatif
@budiman_markus,Gaess… mnrt kalian apa yg bkln terjadi kalo di pilpres 2024 PDIP & GERINDRA bikin paket PRABOWO-GANJAR ? Soal komposisi menteri & setingkat menteri bs diatur sesuai perolehan suara riil saat pemilu…semua bs diatur..,positif
@YudiSet16452924,"Prabowo Puan kerap dipasangkan sebagai pasangan capres cawapres menghadapi pemilu 2024 dulu di pilpres 2019 prabowo dicurangi, 
Sekarang ingin curang bersama sama",negatif
@Fahrihamzah,Waktu rakyat mencoblos pada pemilu legislatif 17 April 2019 kita hanya memberikan mandat suara  untuk dipakai oleh DPR sampai tanggal 1 Oktober 2024. Tetapi Mengapa setelah itu suara rakyat masih akan di pakai dalam persekongkolan mengatur tiket Pilpres 2024?.,positif
@WkKuswana,"Hari raya idul fitri menjd momen yg tpt bg orng"" yg punya ambisi ut maju Pilpres thn 2024,tp bg kita yg sdh pengalaman pd Pemilu/Pilpres sblumnya jgn terbuai dgn penampilan dan gaya mrk yg sok bersih, berpenampilan agamis tp htnya bsk...cerdaslah memilih",negatif
@MkomEliya,"survey untuk pilpres 2024, menurut kamu siapa yang bakal menang sebagai presiden dalam pemilu presiden tahun 2024 ?

cc 
@aniesbaswedan
 
@prabowo
 
@AgusYudhoyono
 
@elonmusk",positif
@TeoSulaiman,"g. Bagaimana dengan Pilpres Tahun 2029 mendatang? Dimana dengan menggunakan Basis Suara Perolehan Pemilu Legislatif Tahun 2024, yang mana hanya ada satu partai politik yang dapat mencalonkan Pasangan Capres dan Cawapres;

@LaNyallaMM1
 #LaNyalla #HalaMadrid Panas",positif
@HendroWibowoYZA,"Saya Pro 
@jokowi
 garis keras. Siapapun yg coba usik beliau diperjalanan jabatannya ayo gelut argumen sama saya. Jangan usik beliau. Urusan pilpres lain lagi, bertarunglah untuk pemilu 2024 dengan fair dan gentle.",negatif
@cagubnyinyir2,"Jelang Pemilu/ Pilpres 2024 ada tokoh atau kelompok politik yg memakai  ""Eep Saefulloh Fatah"" sebagai
Konsultan Politik Kilafah. Siapa saja yg cinta keutuhan NKRI wajib TOLAK dan menjadikannya musuh bersama
 INDONESIA

@Fachry_Murakata
 
@istidharto
 
@EDHARIS3
 
@lho_koq
 
@marpaung913",negatif
@Biancasafira8,"Perang dan pemilu, keduanya sangat besar dan juga sangat kecil untuk dipikirkan dalam jangka panjang. Pekerjaan sehari-hari yang terus berlangsung, itu lebih penting.
Pilpres 2024

#PrabowoErick",positif
@Ardiansyah_xa,"komitmen tinggi dan kemauan yang sangat tinggi pula kenapa psangan ini sangat patut didukung dalam pemilu 2024 mendatang. Pilpres 2024
#PrabowoErick",positif
@BattoAjax,"BINGUNG dengan KADROEN/PKS dan Tuannya CENDANA dan CIKEAS!!!

Mereka RAME2 SERANG 
@jokowi
  demi PILPRES/PEMILU 2024 padahal JKW Sudah GAK IKUT KONTESTASI Pilpres 2024

",negatif
@d4marwulan,"Demo tgl 21 Apl tuntutan = demo tgl 11 April lalu. Pdhl :
Jadwal Pemilu dan Pilpres sudah ditetapkan.
Komisioner KPU dan Bawaslu periode 2022-2027 sudah dilantik.
Anggaran 110 Triliun untuk Pemilu 2024 sudah disiapkan.

#TangkapBohirPengacauNKRI",positif
@GerySpto,"BEM UI yg terhormat yang pintar2 ajari kami dong cara berhitung masa waktu yg benar.
Pemilu Pilpres Pileg diadakan setiap 5 thn. Pilpres Pileg terakhir tahun 2019, Pilpres pileg yad tahun 2024.
Mau tanya brp thnkah dari thn 2019 ke thn 2024?
Hanya yg pintar yg bs menjawab ",positif
@ags_irwansyah,Pemilu sudah ditetapan tahun 2024. Okay deal. Peserta pilpres nya boleh ikut yang sekarang jadi 3 kali?,positif
@hasyimmah,"Begini ya dik... kalo pemilu sudah bener2 ditunda atau Jokowi sudah terdaftar di pilpres 2024, baru deh silakan demo. Saya ikutan bantu deh demonya.

Berdemolah yang kira-kira bermanfaat.",positif
@beMybaymaxx,2024 daah bisa pemilu pilpres hihiyyy,positif
@martua_3,"#opini #pemilu #pilpres2024
""Ir. H. Jokowi Widodo; bukanlah pribadi yang hebat, bukan juga pemimpin yang baik jika untuk bicara jujur di depan rakyat masih harus diwakili orang lain..",negatif
@Sugiyon15783772,"Kita main logika......
1. Tuntutannya tidak tunda pemilu 2024 ( berarti AMAN tidak DILENGSERKAN ) padahal kondisi sudah carut marut Skenario yang cerdas supaya tidak DILENGSERKAN, dihembuskan tunda pemilu dan 3 periode supaya berfikir kita terfokus pada penundaan PILPRES",negatif
@martua_3,"#opini #pemilu #pilpres2024
..logika wacana presiden 3 periode hanya satu, ""greed is good""; cocok utk kaum liberal dan kapitalis tapi tak bagus utk kaum pancasilais apalagi buat pencinta nkri harga mati..",negatif
@_Endri,"LIGA 14 Feb 2024

Ini adalah GAME, Pemilu dan Pilpres adalah Suatu Permainan / Pertandingan.
Dan paling mudah menganalogikan ini seperti pertandingan sepak bola.",positif
@JesslynElIy,"Pemilu/pilpres selanjutnya 2024
Aku baru 17 tahun 2025 t___t",positif
@YudiSet16452924,"Ternyata usulan penundaan pemilu hanya gara² mereka tidak berani bertarung di pilpres 2024 dengan Anis Baswedan, pengganti Jokowi tidak siap melawan Anis, berbagai cara sudah di tempuh dari penghapusan pilkada 2022 hingga usulan penundaan pemilu2024",negatif
@jetsilvers,Semoga pawang KPU gak diterjunkan pada pilpres dan pemilu 2024 ,positif
@Ippang_Az,"*Penundaan pemilu terjadi kekosongan kekuasaan, karena pemerintah sekarang berakhir tahun 2024, berdasarkan hasil pemilu dan pilpres th 2019 (5 tahun),",positif
@ImamJumhuri,"Mulai sekarang, rakyat dan seluruh tokoh masyarakat MENGAWAL PEMILU dan PILPRES 2024.
PERSIAP-SIAGAKAN SELURUHNYA.
MENJUNJUNG TINGGI dan MENGAWAL DEMOKRASI dan KONSTITUSI.
SIAPAPUN YG MAU MEMBEGALnya, SIKAT...!!!",positif
@jecidi,"Perpanjangan Pilpres/pemilu ....NO
Perpanjangan priode Presiden....NO
Pembangunan Infrastruktur........YES
Pemindahan Ibukota.................YES

solusi:
Presiden Jokowi siapkan saja capres di 2024 yang bisa melanjutkan legacynya.",positif
@KelSamawa,guys dukungan yang diberikan untuk Puan Maharani agar maju di Pilpres 2024 hingga saat ini semakin santer saja loh.. Tolak Tunda Pemilu,negatif
@Jonibn11,"Komunitas pamator mendukung Puan Maharani untuk melaju ke pilpres 2024,serta dinilai sebagai tokoh yang menjadi harapan bersama Tolak Tunda Pemilu",negatif
@HeruM99,Dukungan dari komunitas pamator untuk mbak puan di pilpres 2024 dinilai dapat meneruskan perjuangan Soekarno Tolak Tunda Pemilu,negatif
@Andriamuis,"Pemilu. Apalagi di 2024 mendatang gelaran pesta demokrasi ini dilakukan serentak yakni Pilpres, Pileg dan Pilkada. Dia pun mengingatkan keterlambatan pencairan dana yang diusulkan bisa menghambat seluruh proses tahapan pemilihan.",positif
@shafie965,"Puan berkata begitu karena Puan punya kepentingan dengan Pilpres 2024. Menurut saya bukan karena sikap kenegarawan
#PuanNegarawan
Tolak Tunda Pemilu",negatif
@nhaochann,"Pemilu pilpres 2024 kandidatnya musti yg kapabilitas nya susah utk dipilih mana yg paling bagus, jd seru dan mencuri atensi dunia ketika terpilih biasanya pemimpin tsb di appreciate pemimpin dunia lain. Tp unsur sara nya hilangin, wis cape di adu domba",negatif
@bachrum_achmadi,"“Luhut Tolak Buka Big Data soal Penundaan Pemilu 2024”

Jd ingat issu yg dihembuskan Akbar Faisal soal penyedotan data KPU saat pilpres 2014.

Katanya cukup parkirin mobil di depan KPU, mk data2 akan tersedot. Belio emang ahlinya soal data sik! ",negatif
@xifenghoetang,"2024, pilpres dan pileg wajib tetap berjalan. Jangan kasih ruangan sedikitpun bagi para gerombolan inkonstitusional yang menginginkan monyet sialan diperpanjang tanpa melewati pemilu.",negatif
@AcehSelatanSatu,"Yuk kalahkan big data lord!

1. Saya mendukung Pemilu 2024

2. Saya mendukung Pemilu 2024

3. Saya mendukung Pemilu 2024

4. Saya mendukung Pilpres 2024

5. Saya mendukung Pileg 2024

6. Saya mendukung Pemilu 2024

7. Saya mendukung Pemilu 2024

8. Saya mendukung Pilpres 2024",positif
@UkanIbrahim,"Ya Allah...
Seandainya itu uang yg buat biaya kemping di IKN Nusantara dikasih ke aku, betapa senang dan bahagianya aku, pasti aku doain dah agar bapak Jokowi bisa diperpanjang jabatan presidennya 2 atau 3 thn lagi tetapi melalui pemilu pilpres 2024,
Aku tunggu transferannya ya",positif
@MuhiqR,"Wacana penundaan pemilu 2024 dan perpanjangan masa jabatan presiden adalah sah2 saja di dlm negara demokrasi.
Kalau wacana pemilu dan pilpres 2024 dipercepat apakah sah juga di dlm negara demokrasi???

Mohon pencerahannya.",negatif
@UkanIbrahim,"Wahai netizen Twitter, Jika alasan pemilu 2024 di undur/tunda karena anggaran yang diajukan ke DPR RI belum disepakati terindikasi disengaja untuk penundaan Pemilu/pilpres, maka apakah perlu seluruh rakyat Indonesia se-NKRI memberikan donasi untuk biaya penyelenggaraan pemilu?",negatif
@aldenialalfahri,"Disini masih debatnya aja penundaan pemilu 2024.
Korsel biaa tuh hari ini pilpres",negatif
@iccank_Asli,"Bila Penundaan Pemilu dilakukan,  maka trjadi kekosongan kekuasaan, karena pemerintah sekarang berakhir tahun 2024, berdasarkan hasil pemilu dan Pilpres thn 2019 (5 tahun), kalau pemerintah skarang melanjutkan brarti pemerintahannya ilegal alias tdk sah
#ReferendumTurunkanJokowi",negatif
@AchmadShonnyArc,"Mbok mbok mbok...... ternyata resikone,......serem menakutkan banget.....!!! ~~~~~~~~~~~~~~                      *Penundaan pemilu terjadi kekosongan kekuasaan, karena pemerintah sekarang berakhir tahun 2024, berdasarkan hasil pemilu dan pilpres th 2019 (5 tahun), kalau pemerinta",negatif
@Syafrudin1965,"*Penundaan pemilu akan terjadi kekosongan kekuasaan, 
karena pemerintah sekarang berakhir th 2024, berdasarkan hasil pemilu dan pilpres th 2019 (5 tahun), kalau pemerintah sekarang melanjutkan berarti pemerintahannya ilegal alias tidak sah, tdk ada alasan utk penundaan pemilu.",negatif
@joktry,"MAGNET KOALISI

Dengan adanya Presidential Threshold 20%,maka peta pencapresan pemilu 2024 tergantung adanya sosok yang menjadi magnet koalisi.
Contohnya, pada 2 pilpres terakhir, yaitu 2014 & 2019 muncul 2 sosok magnet koalisi yaitu Joko Widodo dan Prabowo Subiyanto",positif
@Alamalika,"14 Pebruari 2024 itu hari apa? 

Rabu ya? Rabu apa? 

Perasaaan dr pilpres 9 Juli 2014 hajatan pemilu selalu hari Rabu deh. Ada apa dg Rabu?",positif
@Alamalika,"Kesenengan sih klo penundaan pemilu. Beda dg usulan 3 periode. 
a. Urut2an proses  usulan 3 Periode
- Amandemen UUD
- Harus tetap ikut Pilpres 
  2024
- Kalau menang pilpres, baru
  bisa menjabat 3 Periode.
Usulan ini langsung ditolak jkw, krn hrs ikut pilpres & blm tentu menang",negatif
@dylaneva0111,isu penundaan pemilu 2024 ini pasti karena partai partai yang mau ikut pilpres belum punya kader yang kualitasnya kaya jokowi,negatif
@daffafshafwan,"standar ganda jg ya terkait penundaan pemilu, pilkada 2020 kmrn di tgh kasus covid lg kejem2nya ttp dilakuin, gas trs

giliran pemilu 2024 ama pilpres?",negatif
@SidiBobyLukman,"Mau nanya serius kepada Ustad 
@cakimiNOW
 dan Buya 
@airlangga_hrt
 Sampean beneran mau nyapres 2024, kalo bener kenapa ple ngusul Pemilu dan Pilpres ditunda ? Kan kita yang nonton jd bingung ",negatif
@imambukhori_79,"Sepertinya penundaan pemilu bukan faktor ekonomi semata,tp karena dari pihak rezim blm ada tokoh yg akan memenangkan pilpres jika digelar 2024.Jadi dgn ditunda,rezim ada harapan untuk menyiapkan tokoh yg bs menang dalam pilpres.Menunda pemilu krn takut kalah
#TolakPenundaanPemilu",negatif
@MIrvanDarwin1,"Dengan pernyataan Ketum 
@PdiperjuanganP
 ketum 
@PDemokrat
 
@PKSejahtera
 
@partainasdem
 dan PPP serta 
@Gerindra
 yg mangatakan bahwa Pemilu dan pilpres TIDAK di undur atau jabatan presiden di perpanjang, maka 2024 hanya partai itu yg ikut kayaknya..yg 3 lagi belum siap..dah gitu aja",positif
@AnggaPutraF,2027 itu berarti ada 5 tahun APBD di daerah yang pemilu 2022 dan 4 tahun APBD di daerah yang pemilu 2023. Lah gimana caranya gak ada pilpres di 2024 tapi ada pilkada di tahun yang sama.,positif
@Android_AK_47,IKN digedok plus 3 tahun... Buat balik modal pilpres 2019 yang berdarah-darah kemarin... Kalau Pemilu 2024 tetap jalan bisa jadi IKN jadi Hambalang jilid 2...,negatif
@MAM_SH_MH_CLA,"24-01-2022 DPR,Pemerintah dan KPU telah sepakat Jadwal pemilu dimulai 1Agustus 2022 dan pencoblosan DPR,DPD,pilpres 14 feb 2024  dan 27 nov pilkada,aneh nya ketua Umum 3 Parpol yg faraksi nya ikut menyetujui RDP 24 jan itu hari ini BERULAH dengan KEDUNGUAN mereka 
@AgusYudhoyono",negatif
@PartaiPerindo,"Ketum Partai Perindo Hary Tanoesoedibjo menggagas Koalisi Parpol Non Parlemen yang akan menjadi poros baru dalam Pilpres 2024.

Berdasarkan hasil Pemilu 2019, total suara yang terhimpun dari gabungan partai nonparlemen ini sekitar 13.6 juta suara.",positif
@Parhobas7,Muhaimin wacanakan pemilu diundur mungkin dia takut nanti yg menang pilpres prabowo.2024 nantikan saingan berat prabowo udah gak ada tadinya hanya jokowi nanti jokowi udah gakbisa jabat yg ke3.mereka yg tidak suka dengan prabowo udah getar getir tuh.,negatif
@bagiartaketut,"Yang perlu ditunda adalah pemindahan IKN, bukan pemilu!
Dan yg perlu ditambah bukan masa jabatan presiden, tp menambah peluang capres berkualitas pd pilpres 2024, caranya: pembatalan PT 20% oleh 
@officialMKRI
 !",negatif
@Catatan_ali7,Penundaan PILPRES / PEMILU 2024 Sangat masuk Akal bagi mereka yang Tidak Berakal ,negatif
@as_siglie,"Tdk laku dipasarsn Pilpres 2024.Para Ketum Parpol ramai2 sabotase Pemilu 2024.Mreka sdg dlm krisis kpercayaan publik tdk bs diteladan dlm kepemimpinan politik krn tdk ada figur yg bs ditonjolkan utk menjadi panutan rakyat

Skrg mreka ramai2 mendoktrin rakyat utk mlawan konstitusi",negatif
@aderifaeuy,"Para Kepala daerah yang habis masa jabatan diganti pejabat ASN karena pemilu ""ditunda"" ke 2024. 
Nah klo Pilpres ditunda... presiden diganti dulu apa terus menjabat. Nanya serius",negatif
@ArshakaPratama,Partai politik ini sangat tidak relevan klw bilang pemilu ditunda silahkan saja kalian tunda sendiri jangan ikut pilpres di 2024 jangan mengganggu konstitusional...jangan haus kekuasaan karna ingin melanggarnya..,negatif
@NanaKasim4,"Cuaca musim hujan semakin dingin,sedangkan iklim politik pilpres 2024,mulai hangat.elektoral kandidat &partai pun segera didengungkan,sementara pengunduran waktu pemilu 2024 perlahan lahan mulai digulirkan.",negatif
@faizalassegaf,"Upaya menunda Pilpres 2024 adalah politik jahat yg dpt memicu gejolak nasional.

Sebaliknya, desakan pemilu dipercepat dgn alasan ketidakpastian bernegara, adalah spekulasi yg mengkhawatirkan.

Semua pihak hrs taat pd konstitusi demi menghindari koflik antar elemen bangsa!

*FA*",negatif
@BennyKeef,"Kalau bener jadi thn 2024 ada penundaan Pemilu & Pilpres, boleh ngga DPR/DPRD juga Presiden & Wapres yg masih menjabat karena diperpanjang masa jabatannya tersebut dianggap ilegal???",negatif
@alisyarief,"Menanti dengan seksama Pilpres 2024 itu, dg penuh harapan akan mendapatkan Presiden Baru, yg lebih segala-galanya (terutama lbh Cerdas).

Lha kok mau diperpanjang. Tampa Pemilu lagi?. Ini kebodohan yg tdk boleh terjadi. Akan tersandung pd kehancuran yg lebih parah. Idea tak waras",negatif
@iya_althaf,"Sy dukung penundaan pemilu asal tetap bapake yg jadi presiden ,,,,,

Sy dukung wacana 3 periode asal SBY gak ikut2an nyalon ,,,,,

Sy dukung pilpres tetap 2024 tanpa 3 periode asal Gibran Capres ,,,,,

#Takkalami",positif
@KhalifahSadid,"Demi Pemilu serentak, mk Pemilukada yg harusnya berlangsung pd thn 2022 dan 2023 akan di undur sampai 2024.
n seluruh kpl daerah yg hbs pd ms 2022-2023 akn diganti.
namun ada opini bhw Pilpres akn di undur sampai 2027, pertanyaannya, siapa yg akan mengganti presiden sampai 2027?",negatif
@Heru_Catur,"Ngak punya Figur yg laku dijual di Pemilu dan Pilpres 2024... lantas minta Pemilu diundur ....kan Songong.....

tenggelamkan",negatif
@Manggurasi,Koalisi mulai terang-terangan main issu pilpres ditunda. Padahal KPU sudah menetapkan jadwal 14 februari 2024 pemilu akan dilaksanakan.,negatif
@Wisnubrata6,"Catat ya!
Ketum/parpol yg sdh jelas² dukung Pemilu diundur/perpanjang masa jabatan Presiden:
- Muhaimin
- Zulhas

Yg msih malu² dukung:
- Hartarto
- PPP

Kalo mereka nyapres, msih mau pilih? Mikir!
Pdhal KPU sdh resmi tetapkan Pilpres tgl 14 Feb 2024. Mereka tak patuh konstitusi.",negatif
@GerySpto,"Opsi Pemilu 2024 ditunda termasuk pilpres, opsi ini dikembangkan olehpara ketum Partai.
Salah 1 alasannya krn pandemi blm usai.
Ini artinya apa ? Artinya selain pak Jokowi yg lain tdk mampu mengatasi pandemi covid.
Skenario lain mungkin ada opsi perpanjangan kepda yg sdh habis",negatif
@dr_altila,"Ada yg usul pemilu diundur, mau nambah lg? Belum puas? #Pilpres2024",negatif
@yoedidharma,"Golkar, PKB, PAN ingin pemilu 2024 diundur krn ada perang Rusia-Ukraina. 
Partai-partai aneh... 
 2024 masih lama. 
 Kita tau alasan sesungguhnya adl mereka tidak punya ""Jago"" Yg kuat buat pilpres 2024. 
 Urusane apa dg Rusia ukraina? ",negatif
@refrizalskb,"Saya MENOLAK Pemilu ditunda karena Melanggar UUD 1945 bahwa Pemilu diselenggarakan 5 thn sekali.
Saya SETUJU Pemilu (Pilpres) & Pileg pada 14 Februari 2024 sesuai dgn kesepakatan Pemerintah dgn DPR RI.",positif
@morodjoyo,"Rakyat AKAL SEHAT.... 

Menolak... Pemilu.. 2024..

Ditunda!!! 

Tidak ada Urgensi nya..

Melainkan..Pengkhianatan Atas...

Kedaulatan Seluruh Amanah Kedaulatan Rakyat Indonesia. 

Jikalau Pilpres.. 2024..ditunda.

Itu.
Kemauan..King Kong, Konglomerasi, Oligarki, Mafia.!",negatif
@archabandung,"Cak Imin dan Airlangga itu politisi mabuk. Setelah berkoar-koar mau maju pilpres 2024, safari dukungan, bikin team relawan, dll, sekarang malah minta pemilu diundur.

Apa rakyat masih mau dukung orang2 seperti ini?",negatif
@NasgianJ,Kalau mau mencalonkan capres 2024 dan caleg 2024 silahkan karena UUD 1945 dan UU pilpres dan pileg nya sudah ada dan tahapan pemilu nya sudah di publikasikan oleh DPR RI bahkan anggota KPU dan Bawaslu RI sudah di pilih. Jadi yang mimpi untuk presiden 3 periode itu harus berani,positif
@RatuAdi35354397,"Masih 2 Tahun lagi jelang Pilpres dan Pemilu 2024, Pimpinan PDIP dan PKB mulai Perang Opini saling menjatuhkan melalui berbagai isu dan kebijakan pemerintah. Lebih elok lagi, jika tidak melibatkan NU. Hehehe.. 
@cakimiNOW
 
@sudjiwotedjo",negatif
@IndonesiaAdil2,"Emangnya ada masalah apa cak? koq minta Pemilu ditunda dua tahun.

Apa Partai 
@DPP_PKB
 yang belum siap hadapi Pemilu 2024 atau justru 
@cakimiNOW
 yang belum siap hadapi Pilpres 2024?

Pak 
@jokowi
 asyik-asyik aja tuh masa jabatannya selesai tahun 2024.",negatif
@T_IndonesiaPost,Ketua Umum Partai Kebangkitan Bangsa (PKB) Muhaimin Iskandar mengusulkan agar Pemilu dan Pilpres 2024 ditunda selama dua tahun. Cak Imin itu mengusulkan demikian didasari kondisi ekonomi yang belum pulih akibat pandemi Covid-19.,negatif
@macanutara_,"Mari kita satukan visi, misi dan energi untuk memenangkan Pemilu tahun 2024, Pilpres dan Pileg harus kita baca dalam satu tarikan nafas yang sama. Insyaallah saat kita menangkan Pilpres dan Pileg, Pilkada akan kita menangkan, 
@agusyudhoyono
 #AHYdiTVOne Semua Cinta Demokrat",positif
@macanutara_,"AHY 
@AgusYudhoyono
 berharap kader 
@PDemokrat
 di Sulteng dapat memenangkan pesta demokrasi Pemilu serentak 2024 yang terdiri atas rangkaian pilpres, pileg dan pilkada.  #AHYdiTVOne Semua Cinta Demokrat",positif
@Boim____,"Semoga pemilu tahun 2024 adalh benar2 Pilpres, bukan PIL-TUG-TAI.",negatif
@need_timetravel,"Besok 2024 mungkin tahun dimana rakyat tak acuh kepada pemerintahan, jaman pemilu dan pilpres 2019 ya mereka terhasut oleh berita berita buzzer erpe tanpa melihat fakta fakta yg berlaku 
Ya semoga Indonesia baik baik saja lah 
#SaveWadas",negatif
@G0P4NK_G0P4NG_7,"AHY 
@AgusYudhoyono
 berharap kader 
@PDemokrat
 di Sulteng dapat memenangkan pesta demokrasi Pemilu serentak 2024 yang terdiri atas rangkaian pilpres, pileg dan pilkada. #DemokratBersamaRakyat AHY Gue Banget #AA",positif
@Puji17si,"Ketum AHY 
@AgusYudhoyono
 berharap kader 
@PDemokrat
 di Sulteng dapat memenangkan Pesta Demokrasi Pemilu serentak 2024 yang terdiri atas rangkaian pilpres, pileg dan pilkada. . #DemokratBersamaRakyat AHY Gue Banget",positif
@AHYS14P,"Mari kita satukan visi, misi dan energi untuk memenangkan Pemilu tahun 2024, Pilpres dan Pileg harus kita baca dalam satu tarikan nafas yang sama. Insyaallah saat kita menangkan Pilpres dan Pileg, Pilkada akan kita menangkan, 
@agusyudhoyono
 #DemokratBersamaRakyat AHY Gue Banget",positif
@Kimberley20101,"Masih perlukah Pemilu dan Pilpres 2024? Jika hasilnya sudah selesai sebelum penyelenggaraan pesta demokrasi. 

DPR mandul karena dirantai oleh UU MD3, dimana PAW (Pergantian Antar Waktu) anggota parlemen, dapat diusulkan oleh ketum parpol bila dianggap perlu.",negatif
@BryanArsyad3,"Nesxtime,
On day 14-02-2024,
Klo ..
Ada Capres & Cawapres..
by Pilpres,
Dia menang PEMILU PILPRES,
tpi dikibulin lgi 
& di bohongi lgi,
Dia gk mw ngelawan,
Gk berani turun ke jln ?!

Jangan kita dukung !!
Mental kucing anggora yg ngaku² 
jdi macan !!",negatif
@Fahrihamzah,"Kami di 
@partaigeloraid
  menyambut dan  menyiapkan  kandidat (legislatif dan eksekutif) yang terbaik bagi Pemilu 2024.  Kami tetap menunggu keputusan 
@officialMKRI
 semoga PT dihapus, lalu putra-putri terbaik bangsa ini dapat bertarung di ajang Pilpres yg akan datang.",positif
@goaweygo,"tgl 14 feb 2024 bkal ada pemilu dpr, dprd prov, dprd kota/kab, dpd, pilpres. gileee, siap2 aja itu yg jd petugasnya. 3 shift tuh harusnya.",negatif
@lathifaanshori,"Fix!!! 

Pemilu legislatif sama Pilpres :
14 Februari 2024.

Pemilu Kepala Daerah :
27 November 2024.

#pemilu 
@NasDem",positif
@d_syafarudin,"Untuk membuktikan HAKIKAT RAKYAT BERDAULAT, pada pemilu dan pilpres 2024 jangan gerakan JARI-JARI KITA untuk menusuk NAMA-NAMA atau PARTAI yang sekarang berkuasa yg telah MERUSAK dan MENGHIANATI kepercayaan RAKYAT.",negatif
@Millenial_08,"Pemindahan Ibu Kota Negara Apakah Lembaga Negara Lainnya Ikut Dipindahin.
Seperti DPR, MK, KPU dan lain sebagainya ?
Jadi pertanyaan untuk pemilu pilpres 2024 KPU nya msh di Jkt apa sdh pindah?

Wah gawat kalo KPU nya disana
Ambyaarrr..

Wasit bisa dipengruhi, gol nya bs dianulir",negatif
@ridwanhere,Klo pemilu kepala daerah dan dprd emg jdi dijadiin sama2 di 2024 bareng pilpres dan dpr bener2 edan nanti tuh tahun. Media sosial dan konventional penuh politik.....,negatif
@sir_usil,"harus hati-hati...

Kontestasi pilpres & pemilu 2024 lebih ganas dengan intrik saling bongkar kejahatan calon lawan saingnya mulai dari medsos ke 
@KPK_RI


Kiai-kiai 
@nahdlatululama
 harus berhati-hati.

Kemungkinan ; ada bakal calon yang akan minta sowan sambil bawa kamera.

",negatif
@NarasiNewsroom,"Pemerintah dan KPU menyepakati bahwa Pemilu DPR, DPRD, DPD, dan Pilpres akan digelar pada 14 Februari 2024.",positif
@Sutarno90739398,"Ibu kota baru adalah hanya kebutuhan politik, bukannya kebutuhan mendesak karena perlu anggaran yang tidak sedikit , tapi kebutuhan yang utama adlh anggaran pemilu pilpres 2024 biar sukses,lebih cepat ganti presiden  lebih baik .",negatif
@ahmadsuluhrifai,"Pak 
@bahlillahadalia
 bilang “kalangan dunia usaha setuju apabila  Pilpres 2024 diundur”pesan Oligarki?

Menuju SDM yg unggul,salah satu program 
@prima_or_id
,mk prinsip Pemilu harus tanpa ambang batas sbg basis menghasilkan program & pemimpin baru 
@agusjabo333
 

#IndonesiaPRIMA",positif
@T_IndonesiaPost,"Pernyataan dari Menteri Investasi, Bahlil Lahadalia yang mengklaim bahwa sebagian besar pelaku usaha ingin pemilu dan pilpres 2024 ditunda memicu kritik dari partai oposisi. Partai Demokrat dan PKS gerah dengan pernyataan tersebut dan mengingatkan tentang amanat UUD 1945.",negatif
@satriohendri,"Kenapa ya 
@KPU_ID
 belum mengumumkan jadwal Pemilu terutama Pilpres 2024? Degdegan aku tu... Semoga gak Ada pergeseran durasi jabatan Presiden-Wakil Presiden. Sebab kalo gak tepat waktu, bakal diperpanjang, dipimpin PLT deh, masa iya Indonesia dipimpin Presiden PLT #Hensat",negatif
@Rizkiar1993,"Habib Rizieq dan Habib Bahar di penjara ada aktor politik di belakang nya.  Yg menguasai Intansi terkait.. demi memuluskan Pilgub DkI 2022 dan Pilpres 2024.
Agar mereka lancar melakukan kecurangan pemilu . 
Demi Nafsu kekuasaan yg sewenang-wenang nya .

#HabibBaharKorbanPKI",negatif
@trio_raden,"Pade sibuk ribut PilPres dan PilGub DKI Jakarta..
Intinya ane berharap di Pemilu 2024 jangan pilih Partai Raja KORUPTOR dan Oligarki, bila perlu bumi hanguskan Partai2 trsbt.
Kalian Paham kan..???. 

@tvOneNews
 
@KompasTV
 
@Metro_TV
 
@OfficialiNewsTV
 

#PerusakBangsa 
#PerusakBangsa",negatif
@atangd88,Alangkah indahnya ketua BKPM mundur dari jabatannya krn tdk amanah... Urusin dl tugasmu jangan urusin pilpres dan pemilu 2024..,negatif
@MC_Nishidella98,"Thn 2023 mendatang, beberapa Partai Politik akan daftarkan ke 
@KPU_ID
. Siap2 menjelang Pemilu 2024, kami kebanggaan utk rakyat Indonesia Maju.

#Pemilu2024 #Pilpres2024 #PilkadaDKI2024 #PemilihBerdaulatNegaraKuat #KomisiPemilihanUmumRI",positif
@je_born,"Pemilu/pilpres 2024 tdk ada kecurangan atw curangny hny sprt 2019.

Setuju??",negatif
@kkk_ydm,Elah najwa shihab diskusi pemilu 2024. Asalnya mau nonton tapi males kalau diskusinya pilpres gini. 2024 masih lama bapak ibu.,negatif
@soeyoto1,"Pemilu 2009 jelas beda dengan 2024
Pileg 9 April 2009
Pilpres 8 juli 2009
Hasil pileg 9 April 2009 menjadi Presidential Threshold Pilpres 8 Juli 2009

Pilpres 2024 Pilpres dan Pileg bersamaan
Jadi sudah seharusnya Presidential Threshold adalah 0%",positif
@uu_sutari13,"Ada survey,klo pilpres diadakan sekarang siapa yg bakalan di pilih??
2024 masih lama boss,jgn terlalu berandai2...siapa tau besok mati?ya kan?
Santai aja dulu...siapkan jagoan2an nya sebaik mungkin,biar kita2 yg udah muak sama pemilu,jd tertarik lagi..",negatif
@SalamDawwasJ,"Presidential Threshold Tak Lagi Relevan untuk Pemilu 2024?

Bahwa selama ini ambang batas presiden justru menciptakan polarisasi karena berpotensi menghadirkan dua pasangan calon dalam pilpres.

#Tolak_PresidentialThreshold
#Tolak_PresidentialThreshold

~utas~
*Salam2DJ*",positif
@taufiqutomo,"Buat apa nyoblos di pilpres 2024, toh orang yang membawa suara saya akan terjegal sebelum jadi capres.

Indonesia tidak bisa diselamatkan dengan pemilu.",negatif
@abangan_,"PDIP bakal sulit menjadi the first mover dalam Pilpres 2024. Ga seperti saat oligarki sukses nekan Ibu buat deklarasi Jokowi lbh awal. 

Krn itu, bola servis ada di tangan Gerindra & Golkar sbg runners-up Pemilu. 

Golkar bisa ngunci peta koalisi bila sukses sodorkan ABAH.",negatif
@MC_Nishidella98,"AMNU bakal bisa bangkit, jika maju ke Pemilu 2024 mendatang. Tanggapi Ulama NU, bila harus kutanggapan dirinya.

#AMNU #NahdhatulUlama #Pemilu2024 #Pilpres2024 #PilgubDKI2024 #PemilihTanggapiNU",positif
@revolutia,"Kalau pilpres 2024 pilihannya Prabowo vs Puan vs Airlangga, kira-kira siapa yang bakal kau pilih? 

Lupakan kandidat lain karena syarat maju pilpres 2024 adalah suara parpol minimal 20% di pemilu 2019.",positif
@Hilmi28,"Suara partai oposisi di PEMILU 2019 ; PKS 8,21% & PD 7,77%. Kalau digabung dpt 15,98%, blm cukup mencapai PT 20% syarat utk mencalonkan Presiden CMIIW. Apakah akan ada calon tunggal Pilpres 2024 ? Semoga saja tdk terjadi, bisa mati demokrasi negeri ini. Yuk diskusi sehat…",negatif
@Apa50Telegram,"#APA50SURVEY2024  Apa yg  bisa diharap pemilih pd event  pemilu nanti? Saatnya  pemilih cerdas menjual #capres24 dan #caleg24  dan menikmati
tabungan #cryptocurency dari event  #pemilu2024  dan #pilpres2024.  Yuk bikin  Tim utk  mereka no problem apa partainya dan siapa calonnya.",positif
@Abdulranirasj13,"Megawatie cq PDIP sebagai Partai pemenang Pemilu, Pilpres & Pengusung Presiden 2 kali berturut2, 2024 jangan turun derajat menjadi Pengusung Cawapres, Megawatie cq PDIP tetap pengusung Capres 2024, Puan Maharani layak Capres 2024 dan Abdul Rani Rasjid Cawapres 2024, Amiin YRA",positif
@AngonJ2,"Pemilu Pilpres 2024 masih jauh bozzz,tolong fokus wujudkan  janji2 manis  saat kampanye...Make it happen...",negatif
@SMujsin,Jangan heran ya.#Bunglon.di 2024 bisa saja terjadi. Menang pilpres dengan rating tertinggi belum tentu itu terbaik. Mereka akan lebih suka bermain di belakang layar. Ingat SISTEM di penyelenggara PEMILU belum di bangun SDM nya,negatif
@hardiman343gma8,"PILPRES DAN PEMILU 2024 SAYA MENDUKUNG CALON PEMIMPIN YANG, BENAR-BENAR KONSISTEN TIDAK MEMBUAT REPOT UMAT ISLAM, APA LAGI SAMPAI MEMERANGI ULAMA, MENGADU DOMBA ULAMA. KYAI DAN ULAMA PUN TIDAK TERJAMIN KOMITMENNYA, MAKA PERLU KETEGASAN DAN KOMITMEN KEPASTIAN",negatif
@raxxpl,"Misal, pemilu pilpres 2024 besok. Trus liat capres 1 : jokowi-prabowo, 2 : puan-gibran

Pasangan mana yang kalian pilih? ",positif
@HeriSuwondo2,"Kecurangan pemilu 2024 sdh dirancang dgn ditunjuknya mantan timses Jkw mjd ketua tim seleksi KPU & Bawaslu. Perangkat kecurangan lain yaitu Parlementari Treashold 20% tlh digunakan di Pilpres sebelumnya. Pilkada jg diundur serentak 2024, hingga Gub yg potensial nyapres diganjal?",negatif
@CandraNaya11,"FPI reborn. Apakah ini suatu usaha mempersiapkan diri utk pemilu 2024. ? 
Siapa yg mau menggunakan jasanya utk kemenangan politiknya?
Atau perjuangan utk Anies berlanjut setelah berhasil di pilkada DKI 2017, kemudian naik tingkat ke pilpres 2024 ?",positif
@MkomEliya,"keputusan 
@PKSejahtera
 memajukan 
@salimsegaf
 utk pilpres 2024 tak ada salahnya. dalam pemilu serentak ada coattailed effect, pilpres akan berpengaruh pada pemilu legislatif dan pilkada. 

nampaknya keputusan ini diambil karena tak ada tanda tanda Pak 
@aniesbaswedan
  masuk PKS.",positif
@Petualangcantik,"Golkar bertekad menang di pemilu serentak 2024.

Tak hanya itu, Golkar berkomitmen mengusung kader terbaiknya, Airlangga Hartarto untuk maju di Pilpres 2024, melanjutkan estafet kepemimpinan Presiden Jokowi.

#2024GolkarMenang",positif
@mantriss,"Di Pilpres 2024, partai yang punya tiket langsung (tanpa perlu koalisi) adalah PDIP.

Posisi ini menyebabkan PDIP punya keleluasaan menentukan calon dan waktu deklarasinya.

Bisa sedekat mungkin dengan batas waktu. Itu terjadi saat Pemilu 2014.",positif
@Ikhwan_17,"Buat 
@KPU_ID
 
@bawaslu_RI
 tolong nanti di pemilu/pilpres/pilkada 2024 jangan diberi ruang partai/capres-cawapres/cabup-cawabup/cawali-cawawali menggunakan politik identitas ... banyak mudharatnya buat bangsa ini.


@jokowi
 
@mohmahfudmd
 
@PolhukamRI
 
@Puspen_TNI
 
@DivHumas_Polri",positif
@moan1974,"Sebagai pengingat aja
Persoalan 2024 sudah selesai di 2019
Dan tinggal menunggu gong diakhir 
Jadi jgn merasa hebat kl sudah deklarasi
Politik itu dibahas sblmnya bkn dibahas saat jelang Pilpres atau Pemilu

Gunakan Nalar Politik mu dgn tepat
Jangan congor mu yg maju tp salah",negatif
@DongenakDongora,"Selama tidak ada Partai Politik yg menolak mandatory vaksin, 2024 gw milih golput dari pemilu & pilpres, percuma jadi simpatisan partai, percuma juga dukung capres hanya dikibulin politikus busuk.",negatif
@ahmadsalam0741,"Pemilu Pilkada Pilpres 2024 jgn lg pilih Wakil Rakyat, Presiden, Gub yg tampilannya merakyat.
Sdh terbukti cuma jd simbol meraih kekuasaan.

Setelah terpilih ""Im Sorry Goodbye""

#DPRSarangKoruptor 
#DPRSarangKoruptor",negatif
@DahlanMahmud,"1)sebaiknya eksekutif dan legislatif memikirkan nasib pemilu kita menjelang pilpres 2024, apalagi akan dilakukan secara serentak dari pilpres hingga pilkada, mari berpikir realistis melihat perkembangan pemilu yang semakin tdk terkendali dari segi biaya dan efek dari pemilu itu.",positif
@HeriZaldi7,"PKS memberi sinyal mengajukan Anies - Sandi di Pilpres 2024. 
*Ingat pemilu lalu, Jokowi - Amin kalau pilih pasangan ini tinggal blg ""Amin"" akhirnya menang. Lalu Prabowo - Sandi harus nyari ""Sandi"" dulu... 
Nah Anies - Sandi harus nyari ""Sandi""nya lagi ",positif
@DrmdLa,Semua parpol yang pro ECI dan Cina Komunis harus ditinggalkan oleh Pribumi dan ummat Islam pada pemilu dan pilpres 2024. Mengapa? Krn parpol yg pro ECI dan Cina Komunis terbukti  jadi penindas pribumi dan ummat Islam serta  membahayakan Negara Pancasila.,positif
@Mantiko_Bungo,"Di 2024, kebanyakn dari buih mgk teringat pemilu,pilpres dg pesta #democrazy 

2024 adalah 1 abad pasca keruntuhan Kekhalifahan Ustmaniah di Istambul

Menunggu Mujaddid",negatif
@reborn_rahman,"Pemilu 2004 aku golput.
2009 juga golput.
2014 golput lagi.
2019 aku pilih DPRD 1,2 dan DPR-RI 
@Gerindra

Pilpres aku pilih Prabowo dan UNO
Pertama sekali memilih aku ketipu.
Aku kirain macan ternyata meong.
2024 aku pilih partai Islam.
Kalau tak 
@PKSejahtera
 atau @officeUmmat",negatif
@fourtyfiveradio,"Petugas Disdukcapil memberikan layanan perekaman data e-KTP bagi Orang Dalam Gangguan Jiwa (ODGJ).

Pendataan tersebut bertujuan untuk mempermudah persyaratan vaksinasi Covid-19 serta keperluan data pemilu pada Pilpres 2024 mendatang #GASPOL",positif
@rayhan_yuda_pra,"Awas, patut diduga ada gerakan PKI Gaya Baru yang akan menggagalkan Pesta Demokrasi Pemilu Pilpres Indonesia di tahun 2024. Gerakan PKI Gaya Baru tsb mengancam akan membubarkan Demokrasi yang ada di Indonesia. Seluruh rakyat Indonesia harus waspada.",negatif
@NetizenNegeri,"N.u.N. senantiasa mendukung pemerintah yang sah. Saat ini, hasil dari Pemilu 2019, dipimpin Presiden 
@jokowi
 dan Wakil Presiden 
@Kiyai_MarufAmin
. Apabila nanti misalnya di Pemilu 2024 Bapak 
@prabowo
, Mas 
@aniesbaswedan
 atau Mas 
@AgusYudhoyono
 menang Pilpres, kami siap dukung.",positif
@morodjoyo,"Jika Pemilu PILPRES...2024..

Ditunda GARA GARA CORONA.

.... Ber ARTI Semakin JELAS & Terang Benderang...
CORONA adalah...

POLITIK Ingin Ber KUASA.  
SELAMA nya.

Pesanan Para MAFIA.
Pesanan OLIGARKI Siluman2 Baru.",negatif
@ijun_63,"Pemilu dan Pilpres 2024 mesti ada test kejiwaan bagi para calon.
+ Diteksi alat kebohongan.",negatif
@mhbmuhib17,"Akun"" baru dg bbrp flower banyak muncul mendukung
Ganjar Presiden 2024.
Tampaknya Ganjar dan Puan dari PDIP masing""menggalang dukungan dan bersaing di pilpres dg baliho dan medsos. Pdhal kompanye pemilu 2024 masih jauh.
Rakyat masih bergelut dg covid dan isi sejengkal perut.",positif
@Mukidi_alNgibul,"Bukan Info A-1
Pandemi dhentikn 31/3-25. Pilpres/Pemilu 2024 dtunda> Presiden s.d 2027>DPR/DPD s.d 2027 jg. Sama2 Happy
Info lain. Elit Global tetapkn bhw Pandemi s.d 2022. Vaksin s.d 31/3/25
Amandemen konstitusi>Presdn boleh 3x

Benar tdkny info ini kt lihat thn depan
",positif
@abdullatief_ra,Pemilu dan Pilpres 2024 diundur menjadi tahun 2027,positif
@DreW_JaKoB_WolF,"Izin bropini, jk 
@mprgoid
 & 
@DPR_RI
 prpanjang masa jbatan sndri, jbatan Pres & Wapres pdhl mandat Rakyat scr LANGSUNG Pemilu & Pilpres 2019 CUMA sampai 2024, maka sprti MEMBODOHKAN Rakyat & dpt jlnkan kpntingannya, sprti dulu penjajah jg bgtu. bgmn pak 
@Yusrilihza_Mhd
 
@ReflyHZ
 ?",negatif
@BayuRusdi1,"Beberapa waktu yang lalu 
Pilkada serentak harus tetap dilaksanakan karena alasan pandemi..
Sekarang tiba tiba muncul pemilu pilpres 2024 mau diundur dengan alasan pandemi..??",negatif
@Masambon29,"Jika 2024 pilpres yang mengikuti pemilu adalah pak ganjar, bu risma dan pak ridwan kamil. Wush bingungg  milih sapa wkwk",positif
@DonAdam68,Kaukus untuk pemilu dan pilpres 2024 ditunda sampai 2027 sdh safari ke ketum² partai minta restu. Semoga Ibu Mega sehat terus sampai 2027. Aamiin.....,positif
@hardiman343gma8,"Jangan sampai warga negara Indonesia yang sudah wafat punya hak pilih resmi pemilu legislatif dan pilpres 2024, terus secara siluman mengisi partai politik tertentu dan calon presiden tertentu",negatif
@imfitrozi,"Seminggu, seminggu, seminggu kemudian, sampai pemilu pilpres 2024, setelah itu lanjut seminggu lagi, dan ujung - ujungnya tidak ada ujuuuungg.
PPKM the series 
Per series 12 chapter",negatif
@martua_3,"#opini #pemilu #pilpres2024
..seperti apa presiden yang kita inginkan?..",positif
@hardiman343gma8,"Perlu ada pemutakhiran data pemilih PEMILU 2024, jumlah warga Indonesia total ada berapa ? Yang sudah wafat ada berapa yang masih hidup ada berapa data tersebut utk validasi lapangan, jangan sampai puluhan ribu warga wafat terdaftar sebagai peserta pemilu legislatif dan pilpres",negatif
@iqbalbalf,"2024 ada:
- 
@Paris2024
 
- pilpres indonesia
- pilpres US
- pilpres rusia
- pemilu inggris",positif
@Kimberley20101,"Pilpres dan pemilu masih jauh, 2024. Tapi aroma kampanye sudah terasa. 

Kepedulian terhadap urusan kemanusiaan bisa kalah dengan urusan politik. Karena urusan politik meski senyap menjanjikan cuan. 

Pantas kalau negara ini tak terurus dan di urus ala kadarnya.

#AturanRuwet",negatif
@r7olles,Suka dinamikanya PDIP. Sejak era ahok dulu. Mana sukanya mutusin detik2 akhir ya kan. Apalagi pilpres 2024. Pemenang pemilu pula.,positif
@ssrieyono,"Parpol yang memaksakan kehendaknya & keinginan elitenya pada rakyat pemilih, apa perlu dipilih??? 

#parpol #pilpres #pilpres2024 #Indonesia #pemilu",negatif
@NabilChokeslam,"Kasihannya rakyat Indonesia dipandemi ini, sudah dikorbankan eh akan dimanfaatkan pula oleh politisi untuk pemilu dan pilpres 2024",negatif
@belummati_,Kesel sama pemerintah tapi masih berharap ada perubahan lewat pemilu/pilpres 2024. Kayak yg nanti jadi presiden bukan dari lingkaran yg itu2 aja.,negatif
@perbowo,"Untuk pemilu dan pilpres 2024 jangan pilih calon yg :

1. Berpakaian seperti orang blangsak tapi dia pejabat,pengusaha dan sultan juga keluarga sultan.
1. Melakukan pekerjaan orang blangsak tapi dia pejabat,pengusaha,sultan dan keluarga sultan.
3. Makan...silahkan diteruskan !!!",negatif
@MustofaMd,Jangan2 penunjukan koruptor jadi komisaris fikadung maksud sebagai pengumpul amunisi untuk memenangkan pemilu dan pilpres 2024,negatif
@sir_usil,"Netizen paling ngeselin adalah para relawan kampanye to 2024.

Jangan bicara pilpres atau pemilu.

Pertanyaannya : 

Apakah kalian bisa melewatkan masa pandemic dengan sehat & ikut nyoblos di 2024?

#Humor2024",negatif
@Andriamuis,"Seperti diketahui, DPR bersama pemerintah dan penyelenggara pemilu telah menyepakati jadwal Pemilu 2024. Pencoblosan Pemilu 2024 berupa Pemilihan Legislatif (Pileg) dan Pemilihan Presiden (Pilpres) disepakati berlangsung 28 Februari 2024.",positif
@ShenoWirang,"Kalau pada mau jadi presiden tempuh dong cara yang elegan dan sesuai dengan konstitusi, ikut pemilu di pilpres 2024.

Jangan suruh presiden mundur apalagi mau rebut kekuasaan dengan manfaatin Covid-19 sebagai jalan politik.

Jadilah laki-laki,  jangan jadi banci kaleng dibedakin.",negatif
@Fakhruddin_MS,"Rasanya Pemilu Indonesia 2024 perlu diawasi oleh masyarakat Internasional. Kalau tidak, jangan harap Pemilu yang Jurdil akan terjadi. Model kecurangan yang lebih canggih dari Pilpres 2019 akan mereka siapkan.",positif
@SR_Indonesia_,"13

Menuju 2024 dimana tidak ada lagi Pemilu daerah yang sedianya ada pada tahun 2022 dan 2023, Pilkada akan dilaksanakan pada 2024 dan itupun setelah Pilpres dan Pileg.",positif
@mahdiktb949,"Vonis Penjara 4 Tahun Bagi HRS oleh Majlis Hakim PN Jakarta Timur,itu Kemenangan Poli tik Terbesar Bagi Hak Demokrasi Umat Islam Pada Pemilu dan Pilpres 2024 Untuk Mentha lak 3 Semua Partai Anti Islam....",negatif
@alisyarief,"Bisa jd begini skenerionya, diminta utk SU MPR RI sebelum 2024. Lalu diketok amandemen UUD 45, Presiden 3 periode, sekaligus ditetapkan dua pasangan Pres dan Capres yg baru 5 tahun kedepan,dan penetpan anggota DPR dan DPD yg ada,juga utk 5 tahun kedepan. Tdk ada Pilpres/Pemilu 24",positif
@bumnbersatu,"Masih mau ngotot ngadain pilpres di 2024 ..nanti yg kena covid meningkat draktis.aneh ya kok pada baper ya usul ku dekrit presiden utk perpanjang masa jabatan Jokowi-Maruf Amin Dan Anggota DPR RI alias enga pemilu 2024 ditunda .
@pikiran_rakyat
 
@jokowi
 
@WartaEkonomi
 
@rmol_id",negatif
@alil_sastra,"1.Tokoh dari Ormas² besar di Kasi jabatan,spy tdk triak²..
2.Oposisi hukum lalu  d Vonis 4th penjara,jika d hitung matematis ini tepat HRS bebas pasca pilpres 2024,
3.muncul wacana UU Pemilu Presiden 3 Periode..
no 3 biar lancar wacana nya maka no 2 dikandangkan terlebih dahulu",positif
@eLganufa,"covid19 ini ada indikasi dijadikan jembatan untuk 3 priode agar 2024 tidak ada pemilu/pilpres karena alasan covid jgn berkerumun dll.

sebagai Covidiot yg taat prokes dan udah vaksin kejauhan gak sih mikir sampai kesana?",negatif
@IrutPagut,"ISU LAGI.. LAGI2 PENGALIHAN ISU. PLESIDEN 3 PERIODE HANYA PENGALIHAN ISU. WACANA YANG BERKEMBANG DI JAGAT MAYA. PEMILU/PILPRES 2024 MAU DITIADAKAN. JABATAN PLESIDEN DIPERPANJANG SAMPAI TAHUN 2027, KARENA ALASAN COVID. ITU ISUNYA. BENAR APA TIDAK, WALLAHU ALAM.",negatif
@BERKARYA_NET,"Kalau Presiden - Menhan maju pilpres 2024, mending gosah pemilu yang habis-habisin duit rakyat adja. Langsung dilantik adja, dech. Lagian  siapa bisa ngalahin? Wong semua alat kekuasaan dibawah mereka berdua. ",negatif
@ali_capung,"Please dong 
@KompasTV
 
@kompascom
 
@tvone
 
@detikcom
 dan semua media massa mainstream STOP bahas PILPRES & survey² capres 2024 sekarang juga! Tolong cerdaskan masyarakat dg informasi yg lbh aktual relevan. Bahas dong janji² politik para anggota dewan & presiden pd pemilu lalu!",negatif
@leandrosgunawan,"Setiap pemilu baik pilpres, pileg, ataupun pilkada, saya selalu memilih kader dari partai PDIP. Alhamdulilah, saya tetap konsisten dg pilihan saya. Tapi 2024 partai yg mengusung pak Ganjar itu yg saya pilih. #2024GanjarpresidenRI",positif
@Valosenadya1,"Elektabilitas Anies Baswedan semakin mengkhawatirkan kekuatan neo PKI, satu-satunya cara untuk menjegal jalan AB menuju Pilpres 2024 adalah lewat konstitusi UU Pemilu yang mengkondisikan 2 pasangan calon.

Apa rakyat mau tunduk dengan konstitusi akal-akalan ?",positif
@FerdinandHaean3,"Bagaimana kalau Pemilu 2024 diikuti pasangan dibawah ini, siapa yang akan anda pilih?

Ada GA utk 2 orang @ 100 K bg yg RT

(Polling ini sy buat mengukur aspirasi Netizen. Dilarang bawa2 perasaan. Dilarang marah2 kalau tak setuju. Ini hanya polling bukan Pilpres sebenarnya)",positif
@Dimaz_Arya,krn jatah pilpres tahun 2024 depan mmg bukan utk pemenang pemilu 2014 dan 2019..coba kita cek sejarah kemenangan partai2 sebelum2nya,positif
@Jhonkosmik,"Terkait pemilu 2024.

Sikap sy jelas dan tegas, hanya akan membantu mensosialisasikan dukungan untuk parpol yang berkoalisi dengan rakyat, yakni PKS dan Demokrat.

Kecuali ada tambahan parpol lain yg mencukupkan PKS dan Demokrat dalam mengusung paslon di pilpres.",positif
@therookiesnst,Kok pemilu gak diselenggarakan thn dpn aja ya? Udah capek sm yg sekarang. Kan ada kalau lebih cepat  lebih baik  #Pilpres2024,negatif
@UmpetPetak,"Tahun 2024 sebagian besar partai politik akan menyesal akibat perilakunya sendiri yang ikut mengkebiri lembaga politik terkait pilpres dan pemilu. Kerusakan sistem pemilu yang tidak ada niat diperbaharui ada peran ""Dia"", kata Anji.",positif
@cmaorggpenting,"Pemilu dan Pilpres masih 2024 nanti, tapi untuk membangun kekuatannya sudah sejak sekarang ini. Mungkin karena nanti calonnya baru, petahana sudah 2 periode, makanya sekarang banyak yang coba unjuk gigi ke masyarakat. Tunggu 2024 nanti deh kayak apa jadinya",positif
@FerdinandHaean3,"Jadwal Pemilu 2024 sudah disepakati Pemerintah dan DPR.
Pilpres + Pileg -> 28 Februari 2024
Pilkada -> 27 November 2024

Baru sj kita Pilpres yg memguras tenaga, pikiran dan membuat perpecahan, skrg kita sdh sibuk lg utk hal sama.

Koq rasanya jd ingin LANJUTKAN 3 Periode ya?",positif
@mantriss,"Cara membangun narasi yang begitu tidak akan membuat menang Pemilu apalagi Pilpres.

Pemenang Pemilu dan Pilpres 2024 masih kelompok tengah.",positif
@emerson_yuntho,"Penyingkiran 51 pegawai 
@KPK_RI
 adalah bagian upaya pengamanan Pemilu 2024. Parpol n Politisi tentu perlu kumpulkan dana besar untuk proses Pileg, Pilkada n Pilpres - tanpa takut dijerat kasus korupsi!",negatif
@LimoNdoro,"Bandar selalu menghendaki pemilu/pilpres 2024 terwujud karena mereka sudah menguasai perangkat utk memenangkannya kembali ,utk itu mereka slalu mengarahkan smua klompok utk tetap bisa melaksanakan pemilu/pilpres 2024 dg caranya masing masing",positif
@sl_pure,"Beranikah Partai-Partai tinggalkan PDIP sendiri di Pemilu-Pilpres 2024?.
Jika terjadi maka akan ada kemungkinan tiga paket calon Presiden di Pilpres 2024.
Paket 1 Capres PDIP Sendiri dgn Capres si Puan. 
Paket 2 Capres Gerindra koalisi dgn Nasdem dan Golkar dgn Capres Si Prabowo",positif
@PatriaHidaat,"Sebelum memasuki tahapan pemilu, pilkada, dan pilpres 2024, sebaiknya pemerintah menyelesaikan tanggungjawab membayar purnabakti 2000 lebih anggota KPU seluruh Indonesia.
@HadarNG
 
@harryazharazis
 
@fadjroeL
 
@jokowi
 
@mohmahfudmd
 
@SaanMustopa",positif
@RajaJuliAntoni,"1. Pilpres 2024 Berapa Pasang? 

Pilpres 2024 idealnya diikuti 3-4 pasang kandidat. Paling tidak ada 2 alasan mendukung ide ini.
Pertama kita punya pengalaman pahit polarisasi tajam pada pemilu 2019. Akarnya bisa ditarik lebih jauh ke Pilpres 2014 dan Pilgub DKI 2017.",positif
@alisyarief,"Jangan terlalu berharap muncul nama-nama baru sbg kandidat Presiden/Wakilnya pd Pilpres 2024. Krn mereka harus diusung, mnrt uu, dari Partai hasil pemilu 2019. 

@aniesbaswedan
 belum punya ticket, kecuali ia dilirik oleh partai2 itu. Satu2nya dg dukungan kita yg besar.

Mau? Ayo..",positif
@airman673,"JGN HARAP ADA PERUBAHAN PRO RAKYAT SELAMA KALIAN TETAP MENCOBLOS PARTAI YG SAAT INI SDG BERKUASA. PARTAI YG LAYAK UTK DIPILIH UTK PEMILU 2024
1. PKS   2.PARTAI UMMAT
DAN TAK KALAH PENTING  SISTEM PENGHITUNGAN SUARA PASCA PILPRES/PILEG.  SITUNG MANUAL IS THE BEST.",negatif
@AutumnNight93,"Malem ini random, mikirin di 2024 siapa aja yg bakal maju di pilpres wkwk. Orang yg ga disangka2 bakal ada ga ya? Soalnya tahun itu bakal jadi pemilu pertama gue xixixi",positif
@eripalgunadi,pemilu tahun 2024 masih 3 tahun lagi...tp matchmaker sudah dimulai riuh nya sejak usai hari pertama pilpres 2019. :),positif
@gadisresidu_b3,1.Barusan saya baca surat edaran Kemendagri agar kepala daerah se Indonesia mengalokasikan dana yang cukup tahun 2022-2025 untuk menjaga stabilitas politik pemilu serentak dan tentunya pilpres 2024.,positif
@SR_Indonesia_,"3.

Ketika tidak ada lagi pilkada 2022 dan 2023 yang sedianya kelanjutan pilkada 2017 dan 2018, maka isu terfokus pada pemilu 2024, terutama terpusat pada isu Pilpres yang terkesan faktor utama disini adalah figur individu menuju Pemilu 2024.",positif
@SR_Indonesia_,"2.

Pemilu presiden, legislatif, dan kepala daerah akan dilaksanakan serentak tahun tersebut. Dalam keserentakan yakni Pilpres dan Pileg akan dilaksanakan bulan Februari atau bulan Maret pada hari dan tanggal yang sama. Selanjutnya Pilkada bulan November di tahun 2024 juga.",positif
@MkomEliya,"Kupastikan lagi kepada seluruh Tuips, terkait pilpres dan pemilu 2024, posisiku tak mendukung salah satu pasangan capres dan cawapres ataupun mendukung salah satu partai.
hanya membaca data, lakukan analisis, berusaha melepaskan unsur subjektifitas.

#JanganSalahPikirYa",positif
@Elsia_CChaidir,"Megawati sbg ketum partai pemenang Pemilu 1999 digagalkan MPR menjadi Presiden krn gerakan partai2 garis kanan di MPR. 
Memasang Capres perempuan di Pilpres 2024 sudah siapkah dengan ""politisasi agama"" partai garis kanan yg lebih kejam? ",positif
@ummat_kabbekasi,"Tahun 2024 adalah Tahun Politik.
Ada Pemilu dan Pilpres
Ada Pilkada
Ada Pilkades

Semuanya tergantung rakyat yg memilihnya ?
Hancur tidak nya sebuah Negara tergantung pilihan rakyatnya.

Rakyat diberikan kebebasan seluas-luasnya untuk menentukan pilihannya tanpa intimidasi uang..",positif
@ijun_63,"Kalau mau merubah bangsa lebih baik.
Kenapa harus menunggu pemilu dan pilpres 2024.
Lebih cepat lebih baik.",positif
@EdiMahaMG,"partai-partai terbiasa balik kanan ninggalin kalian setelah jadi pencundang di pilpres dan gabung dengan penguasa, maka 2024 sisa PKS,Demokrat dan PDIP aja yg sudah terbukti bertahan jadi oposisi kalau kalah pemilu. layak pilih
kalau nanya ke gw tentu rekomen nya PKS/demokrat",positif
@andi_02i,"Konflik akan menimbulkan benturan fisik apa lagi sampai banyak korban pasca Pilpres tahun 2024. Jangan sampai pemilu mendatang menjadi momok menakutkan bagi rakyat, #JP2024",positif
@Sarindawati1,Jika memang mencari aman dan berharap kan tidak ada perpecahan saat pemilu mari kita usung Pak Jokowi dan Pak Prabowo untuk maju di pilpres 2024 #JP2024,positif
@inyongmanise,"Bayangkan panas dan kotornya pemilu 2024 kalau politik ayat mayat dibawa pd level nasional. Level pilgub saja sdh mengkoyak kebhinekaan kita. Skrg mrk sudah punya dana cukup utk meng-ayat mayatkan pilpres 2024. Pemerintah kalau tdk tegas NKRI taruhannya. 
@jokowi",positif
@spiritualist_m,"Mereka sadar jika HRS  dapat  mengganggu dan  melemahkan Agenda  pilpres 2024 yg pasti pemilu curang lagi 

Lawan !!
#Rezim Pelanggar HAM
#Rezim Maling",negatif
@Ayuliza13,"Saya kira, polarisasi yg dibangun pada saat pilpres tidak terjadi kembali di pemilu Indonesia 2024. Cukup di 2019 dan AS 2020. #PilpresRasaAS",positif
@emilsalim2010,"Kasus2 korupsi meningkat menjelang Pilkada, seperti diungkap Menko Polkan, Mahfud. Menjelang Pemilu & Pilpres 2024, iklim politik berbaur kebutuhan dana meningkat. Ini memprihatinkan sejumlah Guru2-Besar yg menuntut Mahkamah Konstitusi merevitalisasi KPK ke UU yg asri kembali.",negatif
@MkomEliya,"Cuma mau ingetin semua..
Pilpres 2024 sangat strategis, yang punya hak mengusung capres dan cawapres hanya partai pemilik suara pemilu legislatif 2019.

Yang akan maju para ketua umum partai atau orang dekatnya, nama nama yang gak ada partai cuma penggembira saja.

Ingat Itu!!!!",positif
@o8Azim,"Konflik akan menimbulkan benturan fisik apa lagi sampai banyak korban pasca Pilpres tahun 2024. Jangan sampai pemilu mendatang menjadi momok menakutkan bagi rakyat, 
#BahayaTerorisme",negatif
@5Manin,"Penyusupan dan polarisasi pasca Pilpres dirasakan betul sama masyarakat Indonesia. Inilah kehawatiran publik akan adanya pemilu 2024, #BahayaTerorisme",negatif
@Zex1_1,"Hoaks pada Pilpres 2019 menjadi konsumsi untuk dijadikan propokasi buat kampanye, kehawatiran publik akan terjadi si Pemilu 2024, #TarungDigital",negatif
@01Nendi,"Kejadian tahun 2014 dan 2019 pada Pilpres, kejadian Pilkada DKI 2017. Akankah terulang kembali di Pemilu tahun 2024, dimana suhu politik terasa panas dan imbas dari hal tersebut membuat masyarakat mengahadapinya dengan penuh ketakutan, #TarungDigital",negatif
@abu_waras,"Silahkan, camkan cuitan ini,
Nanti, menjelang Pilpres dan Pemilu 2024, akan byk Caleg Partai-Partai yg akan pasang badan menuntut Pengusutan kematian 6 Laskar FPI jika tidak sampai diselesaikan saat ini.
Silahkan print cuitan ini, kasih figura dan liat nanti menjelang 2024.
",negatif
@airman673,niatkan dari sekarang utk pilpres dan pemilu 2024...tidak usah memilih partai yg selalu menggaung gaungkan isu radikalisme..terorisme dan intoleran.,positif
@dewiratnadotid,"Lagi rame bahasan tentang pilpres dan wacana presiden 3 periode, tapi kok malah ingetnya pemilu serentak ya. Inget tahun lalu ada wacana kalo pemilu serentak bakal diadain tahun 2024 dan sempet mau diundur ke 2027.",positif
@WiedWidya,"Pileg, Pilpres dan Pilkada bakal digelar di tahun yg sama. Tahun 2024. 
Wah bakal rame banget tuh. Kalau pas itu pandemi udah berlalu mungkin bakal gegap gempita kampanyenya. 

Gmn menurut kalian soal pemilu serentak?",positif
@wank37,Kalau boleh rakyat punya usul pilkada 2022 & 2023 jgn digeser ke 2024' bagaimana jika yg digesernya pilpres & pemilu 2024 ke 2023 atau 2022' pasti rakyat akan menyambut gembira tuh pesta demokrasinya ... ,positif
@medita123,"2014 Jokowi terpilih jadi presiden. Usai pemilu, sempat ramai. Proses persidangan di Mahkamah Konstitusi (MK) diwarnai demo. Sedikit gaduh. Usai diketuk palu, suasana mulai kondusif. Jokowi jadi presiden, suasana berangsur pulih. #PILPRES2024",positif
@alisyarief,"MENCURI HAK RAKYAT

72 Daerah Yg harus Pilkada Pada 2022/2023, diundur ke Pilpres/Pemilu 2024. Artinya, Presiden akan menetapkan sendiri sejumlah Pjs. Gubernur dan Bupati/walkot tsb sd 2024.

Hanya PKS yg tidak setuju.

Ini bak Republik Kerajaan, kan?",negatif
@telusur_co_id,Anggota Komisi II DPR RI Guspardi Gaus menyampaikan bahwa pelaksanaan Pilkada dan pemilu (Pilpres dan Pileg) serentak pada tahun 2024 seyogyanya harus tetap dilaksanakan.,positif
@Oktawijaya2110,"Semakin wadididaw kondisi geopolitik dan hukum di Indonesia, semakin malas untuk berkomentar. 

Solusinya cuman ada di Pemilu dan Pilpres 2024.",negatif
@AmanillahH,"Gara-gara uu pemilu gajelas, akhirnya partai semua curi start buat 2024 sejak dini. Ini baru 2021 loh tapi partai udah konsolidasi buat pilpres 2024. Kalau uu pemilu normal, mereka bisa fokus kerja wkwkkw.",negatif
@agungismee,"Pemilu 2024 berarti Pilpres, Pileg, Pilkada bersamaan, fix bikin lebih malas milih dan lebih gampang buat golput.
Ambil semua kertas, pura2 masuk bilik, terus balikin lagi.",negatif
@kopidinginhmm,"Maju nya jokowi (kader pdip) dan prabowo (ketum gerindra) di pilpres menyebabkan coat-tail effect bagi PDIP dan Gerindra sehingga meraih hasil tertinggi di PEMILU

Di 2024 partai lain pasti ingin mendapatkan keuntungan tsb, jadi gak mungkin mau mendukung jokowi maju 3 periode ",positif
@ArisWila,"Kesediaan Pak Moeldoko menjadi Ketum Demokrat KLB Sumut, tentu sdh pertimbangkan baik buruknya utk Demokrat dan utk negara menuju Pilpres dan Pilkada 2024. Dlm konteks Pemilu, apa yg terjadi dlm Pilkada DKI 2017 dan Pilpres 2019 tdk boleh terulang dlm Pemilu 2024.""",positif
@GTRoulette,"Masih meraba-raba kan apa yg akan terjadi dlm konstelasi partai politik indonesia?
2024 emang msh jsuh. Tp magnitude kutub magnet perpolitikan menguat ke sana.
Yg jelas seh nnt aturan pilpres gimana? Pakai aturan prosentase pemilu 2019? Kok gk dipakai yg 2024 entar, krn serentak?",negatif
@Ivan_jogjazz,2024 tinggal 3 tahun lagi. Waktu yg singkat utk persiapan pilpres/pemilu.,positif
@Andriamuis,"Siti pun menilai ongkos Pemilu yang dilaksanakan serentak pada 2024 akan lebih besar. Pada 2019 lalu, ketika pileg dan pilpres dihelat bersamaan, ada kenaikan anggaran 61 persen.

Angka itu akan diprediksi bertambah lagi lantaran pileg dan pilpres bakal digelar bersamaan dengan",positif
@VanJoel1975,"Berdasarkan ketentuan tsb dapat dibuat simulasi Pemilu 2024 dan Pilkada 2024 sebagai berikut:

1. Pilpres:
1.1. Masa jabatan presiden selesai 20 Oktober 2024.
1.2. Paslon terpilih harus sudah tersedia 14 hari sebelum masa jabatan selesai (6 Oktober 2024).
1.3. Coblosan Maret 2024",positif
@vaiyo,"Anus & tukang lapnya sadar, dg gak adanya Pilkada DKI 2022 sesuai UU Pemilu 2017, maka gak ada gunanya bekerja bener di DKI, krn gak bisa jd modal popularitas mrk berdua di 2024, baik utk Pilgub atau Pilpres. Lebih baik fokus kumpulkan pundi² utk modal ekonomi dr pos² yg mungkin.",negatif
@saiful_mujani,"dlm demokrasi pemilu dan hasilnya merupakan dasar bagi pelaksanaan negara. krn itu pastikan bhw tiap pemilu tak ada cacat dan apa lagi gagal karena bisa berakibat fatal bagi kita berbangsa. pastikan penumpukan  pemilu, pilpres, dan pilkada 2024 tidak akan beresiko gagal.
@DPR_RI",positif
@NephiLaxmus,"Mengambil pelajaran dari Pemilu 2019 lalu yg menimbulkan kematian banyak Anggota Panitia KPPS, apakah penggabungan Pemilu/Pilpres 2024 tidak akan menimbulkan lebih banyak lagi Perkabungan?",negatif
@ismailfahmi,"Daripada bahas Aisha Weddings, coba baca soal RUU Pemilu yg ndak jadi dibahas DPR. 

Apa dampaknya bagi petugas KPPS dan polarisasi masy nanti kalau serentak pilkada pilpres di 2024?",negatif
@Andriamuis,"Namun, mantan Ketua Komisi III DPR ini menegaskan, revisi UU Pemilu bukan bertujuan untuk mengugurkan amanat UU Pilkada Tahun 2016 yang melahirkan ketentuan terjadinya penyelenggaraan pemilu legislatif (pileg), pemilu presiden (pilpres) dan pilkada di 2024.",positif
@bangyupi_006,"Pemilu 2019 hanya memilih presiden, dpr ri, dprd dan dpd nyawa petugas kppu ngitung kertas suara ber ulang2 ampe 2x24 jam, akibatnya ratusan petugas kppu meninggal.

Apalagi jika nanti 2024 di gabung pemilu pilpres, dpr ri, dprd, dpd, pilkada serentak, bisa2 seminggu selesai",negatif
@kamar_agung,"Kalo beneran jadi 2024 padet banget itu. Pilkada, pemilu, pilpres, liga Inggris..",negatif
@CryptoPublicID,"Tinggalkan 𝑷𝑫𝑰𝑷 bila usung wan genteng untuk pilkada, juga untuk Pemilu/PilPres 2024.",negatif
@Chandranegara,"HTI dan FPI ngga boleh ikut Pemilu/Pilpres/Pilkada tapi orang Amrik boleh milih dan dipilih.
Gw pengen 

@DonaldJTrumpJr
 jadi Presiden RI thn 2024 boleh dong?",negatif
@HeriSuwondo2,"Pemerintah & mayoritas ang DPR maksa Pilkada Serentak, Pileg & Pilpres dibarengkan th 2024. Pileg & Pilpres 2019 dibagung saja hampir 800 petugas pemilu ""wafat kelelahan"" tanpa ada investigasi sebab2nya. Mau nambah korban berapa lagi? Apa kalau mentok dibikin pemilu sandiwara sj?",negatif
@taufikbasari,"Jadi begini, soal RUU Pemilu sederhana saja. Waktu pembahasan perumusan RUU di awal tahun 2020, fraksi2 di DPR semua sepakat belajar dari pemilu serentak pileg-pilpres 2019 maka rencana membuat Pilkada serentak juga bersama pileg-pilpres di 2024 mesti dikaji ulang.",negatif
@ghifaripp,"Ga kebayang kalau pemilu 2024 digabung dengan pilkada. Wow. Kemaren pileg dan pilpres kebayang petugasnya. 
Next pilkada ada dki dan banten juga, wilayah yg strategis.",negatif
@RustamIbrahim,"Jika Pemilu/Pilpres/Pilkada serentak dilakukan pada 2024, pendapat saya, tidak harus berarti dihari yang sama. Bisa saja dipisah menjadi 2 (dua). Pilpres/Pileg Anggota DPR dan Pilkada Gubernur/Bupati/Walikota plus Anggota DPRD Tingkat I dan II.",positif
@Andriamuis,"Menurutnya, setidaknya ada tiga hal teknis yang potensial berefek buruk jika Pilkada serentak tetap ngotot digelar pada 2024. Pertama, dari aspek kesiapan penyelenggara Pemilu (KPU) yang sangat diragukan. Terutama mengacu pada pelaksanaan Pemilu 2019 lalu (Pileg dan Pilpres) yang",negatif
@ManusiaPinggirn,"Setujukah anda pemilu 2024 di gabung dengan Pilpres, pemilihan anggota DPD, DPR RI, DPRD Provinsi, DPRD Kab/Kota, Pilgub dan Pilbub. 
@Gerindra
 
@PKSejahtera
 
@PDemokrat
 
@dpp_pan
 
@DPP_PKB
 
@NasDem
 
@PartaiGolkar
 
@jokowi
 
@prabowo
 
@syaikhu_ahmad
 
@cakimiNOW
 
@ZUL_Hasan
 
@AgusYudhoyono",positif
@henrysubiakto,"Ada dua kubu di DPR RI, satu ingin ubah UU Pemilu, dg Pilkada diadakan 2022, spy tjd penataan. Kubu kedua ingin Pilkada tetap th 2024, sesuai desain konsolidasi pemerintahan pusat daerah & UU Pemilu 2016. Kalau nurut Anda mana lbh baik, Pilkada 2022 atau 2024 bareng Pilpres?",positif
@Emerhaen,"Parpol-Parpol butuh uang besar untuk menghadapi Pemilu 2024.

Juga individu-individu yang akan ikut kontestasi di Pilpres, Pileg, maupun Pilkada.

Mereka yang punya kesempatan akan memanfaatkan semua peluang yang ada.

Rakyat??
Masih akan sama seperti pemilu-pemilu yang lalu.",positif
@ChulafaauRasyi1,"Pemilu/Pilpres 2024 momentum  
'Pertempuran Ambarawa' untuk mengusir
pemiskinan, pembodohan dan pembelahan anak bangsa.
#MomentumKolaborasi",positif
@hansssolo,"2 x menang pemilu dan pilpres membuat kompetitor berpikir keras bagaimana caranya kalah di 2024, apapun caranya.

Korupsi bansos bisa jadi gorengan gurih utk terus diproduksi selain politik identitas.",negatif
@haloduk,"2. Sampai bertemu di 2026, artinya apa? Artinya HRS tidak akan diberi kesempatan berpartisipasi di Pilpres 2024. Memangnya HRS ingin jadi Presiden? Tidak, tapi FPI akan ikut Pemilu, jadi Partai. 

#kajibidak",positif
@Y42N18,"Secara tdk sengaja Nama Pak 
@aniesbaswedan
 diangkat sama Pemerintahan Pak 
@jokowi
 dan otomatis beliau akan mengganti Pak Jokowi di Pemilu 2024

Dari dulu Pilpres selalu begitu.. pihak yg didzalimi akan selalu menang di Pemilu contoh Pak SBY&Jkw di 2014 ",negatif
@Ismail89317036,"Menakar pengaruh
Kepulangan Imam Besar 
Habib Rizieq Shihab
Electoral Pilkada Serentak
Pemilu DPR dan Pilpres 2024",positif
@PriyudhaAgung,"Bang 
@MardaniAliSera
  apa betul pilkada 2022 di tiadakan dan di gabung dgn pileg dan pilpres pd tahun 2024 ?

Lalu mekanisme nya seperti apa bang ? Apa sama dgn seperti pemilu 2019 dan nanti di tambah 1 kotak untuk pilkada ?
Mohon bang penjelasan nya !!",negatif
@MauAffa,"Pelajaran aja sih buat semua. 2024 besok jgn terlalu heboh sama euforia pilpres, terus mengesampingkan pemilu legislatif.
Yg ga ngaruh ngaruh amat ke hidup kita aja didebatin sampe segitunya. Yg impact nya deket bgt sama kehidupan sehari-hari malah ga di riset, asal milih doang.",negatif
@salahsambungya,Hasil pilpres Mamarika adalah pemilu Pilpres negeri ini di 2023-2024.,positif
@MetMalamMinggu,"#KAMIBukanPengecut
Tapi cari muka dpn masyarakat sm suara buat pemilu 2024
.
Lihat aja entar, paling gatot maju pilpres 
.
Paling klau jadi jg sm aja kek sebelum""nya , politik emang 
.
Kalau emang kalian peduli , masyarakat butuh makan bukan kepedulian kalian",negatif
@radixwp,"#TUNDAatauTURUN ?

Klo tar 2024 wabah msh berlangsung (lama spt flu Spanyol), pemilu ditunda, masa jabatan presiden & para anggota DPR diperpanjang, kalian setuju ga?

Makanya pemerintah latihan gelar pilkada utk dievaluasi. Mumpung cuma kepala daerah, ga seribet pilpres/pileg.",negatif
@0day_ID,"Awas penggembosan Suara 
@Gerindra
 dan 
@Prabowo
 di Pemilu-Pilpres 2024",negatif
@RustamIbrahim,"Bagaimana cara merebut mandat rakyat untuk mengganti Presiden? Satu2nya cara yang demokratis adalah melalui Pemilu/Pilpres 2024. Di luar itu adalah cara2 yang ekstra-demokrasi atau ekstra-konstitusional. Dan jika dilakukan dengan cara kekerasan, maka itulah yang disebut makar.",positif
@Safaudin_29,"Pemilu 2024 (Pilpres dan Pileg) Umat Islam tetap waspada, karena saat ini telah banyak di munculkan Tokoh-tokoh Boneka yang Ingin mencapai kekuasaan. 

Umat Islam Indonesia tetap waspada...",negatif
@suryadelalu,"Yg diundur ke 2027 mungkin Pemilu serentak untuk tingkat daerah. Pemilu nasional, termasuk Pilpres akan tetap 2024. Jika Pilpres juga diundur, bisa ribut itu orang2.",positif
@RomitsuT,"2021-2024 ekonomi Indonesia masih mengalami kemerosotan. Sementara Pemilu pilpres 2024 membutuhkan anggaran sekitar 25-30 Triliun.... Ngeri ngeri sedap duitnya dari mana. Sementara utang sudah makin menggunung.
Saking tak cerdas nya mereka mewacanakan pilpres di tunda. ",negatif
@krisbudihardjo,"Pemilu dan pilkada hal yg berbeda sebaiknya Prmilu dan pilpres serentah 2024. N pilkada serentak 2027. Aksn lebih baik efisien n efektif 
@Kemendagri_RI
 
@jokowi
 
@DPR_RI
 
@PDI_Perjuangan
 
@FPKSDPRRI
 
@FGerindraPDG
 @FPPP_DPRRI",positif
@Moriez03,"Bingung liat masyarakat yg msh berharap sm pemilu /pilpres 2024,,,bego apa lugu ye..",negatif
@Rynmoelya,"Saya rasa, jika ada pengamat politik ataupun lembaga survey yang bicara soal capres pilpres 2024 ditengah pandemi ini cukup disayangkan aja. Kita bukan Amerika yang saat ini mau pemilu..

Fokus dulu keperbaikan berbagai sektor, silahkan Survey dan kasih komen kearah itu.",negatif
@FerdinandHaean3,"Kadang2 sy sedih melihat perilaku politik yang berlangsung. Kita baru saja selesai Pemilu Presiden, pak 
@jokowi
 belum 1 tahun memimpin periode ke-2, tapi politik sudah sibuk dengan pilpres 2024. Premature sekali..!!

Bukankah lebih baik skrg menyatukan langkah bangun negeri ini?",negatif
@anasRA45511638,"Jika prabowo ketum Gerindra lagi sebaiknya mengikuti jejak megawati yang meski jadi ketua umum partai pemenang pemilu namun tidak ego mencapreskan dirinya lagi,  harapannya prabowo  mendorong figur baru dipilpres 2024. 

#SosokBaru
#pilpres2024
#fixpoll
#lembagasurvei
#ThinkTank",positif
@yunankingstar1,DI PEMILU PILPRES AKAN DATANG 2024 SANDIAGA UNO GANDENG AHOK BTP SEBAGAI LAWAN ANIES BASWEDAN GANDENG ... SERU KALI YA PORTAL NASIONALISME INDONESIA ATAU PORTAL INDONESIA,positif
@Y42N18,Baru kali ini gw Pilpres 2014 dan 2019 gw ikutan milih biasanya golput...dari dulu gw males klo urusan pilpres..andaikan ikut Pemilu...cuma milih calegnya juga Pilgub doang..kayaknya 2024 gw rujuk lagi sama golput,positif
@abangifoel,Terkutuk lah kalian yg dengan sengaja mencari cari aib pemerintah di masa wabah covid19 sedang melanda negeri .      Sebaiknya tahan saja sahwat berkuasa kalian sampai  dapat memenangkan pemilu & Pilpres 2024 .,negatif
@bambangwn,"KANAN SEDANG DIPANCING

Fenomena akhir2 ini mengindikasikan bhw kekuatan Islam ""kanan"" sdg dipancing2 spy makar.

Klo terjadi, pemimpin dan ummat Islam akan disalahkan dan dilemahkan sehingga thn 2024 makin tdk siap menghdapi pemilu n pilpres.

Waspadalah.",negatif
@fathoni1904,Sepertinya kampanye pemilu/pilpres 2024 sudah dimulai ni........,positif
@bambang_hesti,Setiap masalah di negeri ini akan dijadikan amunisi oleh musuh NKRI utk mendiskreditkan Pemerintahan yg sah. Mereka tdk sabar berdemokrasi hingga Pemilu & Pilpres 2024. Ini tdk beda dgn kelompok bersenjata di Papua yg menentang Pemerintah & NKRI. Silahkan hengkang ke LN.,positif
@imamM_99,"Tinta pemilu kemarin belum juga kering, tanah kubur petugas kpps yg meninggal masih basah, kerja kerja belum terbukti, janji janji kampanye banyak di khianati..Lalu sudah bicara Pilpres 2024 ? Ya Robb ..",negatif
@RustamIbrahim,"3) Tahun 2024 adalah tahun politik, tahun Pemilu (Pilpres/Pileg). Pemerintah Jokowi tidak akan lagi efektif. Menteri2 partai koalisi akan sibuk urusan mengusung, mendukung dan mengkampanyekan pasangan Capres masing2 atau mencalonkan diri menjadi anggota DPR.",negatif
@ahim_abah,2024 tidak usah ada Pemilu atau Pilpres yang melibatkan Rakyat pegang saja KPU...siapa yang dipilih KPU...,negatif
@TheArieAir,"Pilpres 2009, 2014 dan Pilgub 2012 masih termasuk kategori pemilu yang rasional

Pilgub 2017 dan Pilpres 2019 adalah pemilu yang emosional

dan emosional itu harus dihilangkan, bukan dipertahankan

selama kalian semua mempertahankan itu, maka 2024 akan sama kondisi 2019",negatif
@Cingali8,Di 2024 jokowi bilang ASN harus pindah ke ibukota baru tapi aneh thn itu berbarengan dgn pemilu dan pilpres ....,negatif
